id;name;url;date;video;video_content_type;categories
1;Home European;https://ashlynn.info;2022-04-26T04:36:19;../fake-data/blob/hipster.png;image/png;KIDS
2;Malawi Kids;https://brown.net;2022-04-26T11:21:24;../fake-data/blob/hipster.png;image/png;SCITECH
3;Sausages;http://arianna.net;2022-04-26T13:33:33;../fake-data/blob/hipster.png;image/png;ARTSCRAFTS
4;Liaison Handmade;http://hugh.org;2022-04-26T09:24:28;../fake-data/blob/hipster.png;image/png;NEWS
5;Gorgeous;http://alayna.name;2022-04-26T08:40:28;../fake-data/blob/hipster.png;image/png;KIDS
6;Cambridgeshire;http://branson.net;2022-04-26T17:17:23;../fake-data/blob/hipster.png;image/png;KIDS
7;violet red sexy;http://stan.net;2022-04-26T09:06:13;../fake-data/blob/hipster.png;image/png;PEOPLEBLOGS
8;Belgium efficient;https://octavia.name;2022-04-26T10:09:53;../fake-data/blob/hipster.png;image/png;SCITECH
9;services collaboration XSS;http://janie.com;2022-04-26T03:28:39;../fake-data/blob/hipster.png;image/png;ARTSCRAFTS
10;salmon Manager;http://claude.org;2022-04-26T07:04:12;../fake-data/blob/hipster.png;image/png;PEOPLEBLOGS
